category,avg_importance,feature_count
APACHE,0.3979245373578268,48
Interventions,0.2710721877654915,11
Vitals,0.14899966991581134,12
Labs,0.06951195951677017,5
Hospital,0.05396185469800306,45
Diagnosis/Location,0.01998943606824735,7
Other,0.019847210975209213,11
Demographics,0.016445440045642905,16
Missingness,0.002247703656997617,3
